col0,col1,col2,col3,col4,col5,col6,col7,col8,col9,col10,col11,col12,col13,col14,col15,col16,col17,col18,col19,col20,col21,col22,col23,col24
Cork (two MPs),Charles Stuart Parnell,Parnell,Parnell,Parnell,Flavin,W. O'Brien,W. O'Brien,W. O'Brien,J. F. X.,James O'Brien,→,James O'Brien,Roche,Roche,Roche,Roche,Roche,M. Healy,M. Healy,M. Healy,M. Healy,M. Healy,Liam de Roiste,de Róiste
Cork (two MPs),M. Healy,M. Healy,M. Healy,M. Healy,→,→,→,→,→,→,W. O'Brien,W. O'Brien,W. O'Brien,W. O'Brien,W. O'Brien,M. Healy,W. O'Brien,W. O'Brien,W. O'Brien,W. O'Brien,→,→,James Joseph Walsh,Walsh
East Cork,Lane,Lane,Lane,Lane,→,Donelan,Donelan,Donelan,Donelan,Donelan,→,→,→,→,→,→,→,→,Muldoon,Muldoon,Muldoon,Muldoon,Kent,Kent
Mid Cork,Tanner,Tanner,Tanner,Tanner,→,→,→,→,→,→,→,Sheehan,Sheehan,Sheehan,→,→,→,→,→,→,→,→,McSwiney,vacant
North Cork,Flynn,Flynn,Flynn,Flynn,→,→,→,→,→,→,→,→,→,→,→,→,P. Guiney,P. Guiney,P. Guiney,J. Guiney,J. Guiney,J. Guiney,O'Keeffe,Pádraig Ó Caoimh
North East Cork,Leamy,Leamy,W. O'Brien,W. O'Brien,→,→,Davitt,Abraham,Abraham,Abraham,→,→,→,→,→,→,M. Healy,Hugh Moreton Frewen,T. Healy,T. Healy,T. Healy,T. Healy,Thomas Cornelius Hunter,Thomas Cornelius Hunter
South Cork,Kenny,Kenny,Kenny,Joseph Edward Kenny,Joseph Kenny,Barry,Barry,Barry,Barry,Barry,→,→,→,→,→,→,→,J. P. Walsh,J. P. Walsh,J. P. Walsh,J. P. Walsh,J. P. Walsh,Collins,Collins
South East Cork,Hooper,Hooper,Hooper,Morrogh,→,→,Commins,Commins,Commins,Commins,Crean,Crean,Crean,Crean,Crean,Crean,→,→,→,→,→,→,Jeremiah Christopher Lynch,Lynch
West Cork,Gilhooly,Gilhooly,Gilhooly,Gilhooly,→,→,→,→,→,→,→,→,→,→,→,→,→,→,→,→,→,O'Leary,John Hayes,Hayes
